{\rtf1\ansi\ansicpg1252\cocoartf1504\cocoasubrtf830
{\fonttbl\f0\fnil\fcharset0 Menlo-Regular;}
{\colortbl;\red255\green255\blue255;\red36\green38\blue41;\red235\green236\blue237;\red104\green26\blue29;
}
{\*\expandedcolortbl;;\cssrgb\c18824\c20000\c21176;\cssrgb\c93725\c94118\c94510;\cssrgb\c49020\c15294\c15294;
}
\margl1440\margr1440\vieww10800\viewh8400\viewkind0
\deftab720
\pard\pardeftab720\sl300\partightenfactor0

\f0\fs26 \cf2 \cb3 \expnd0\expndtw0\kerning0
\'93ISBN\'94,\'94Price\'94\
\'93isbn5\'94,\cf4 9.98\cf2 \
\'93isbn6\'94,\cf4 41.14\cf2 \
\'93isbn7\'94,\cf4 45.23\cf2 \
\'93isbn8\'94,\cf4 22.53}