{\rtf1\ansi\ansicpg1252\cocoartf1504\cocoasubrtf830
{\fonttbl\f0\fnil\fcharset0 Menlo-Regular;\f1\fswiss\fcharset0 ArialMT;}
{\colortbl;\red255\green255\blue255;\red36\green38\blue41;\red235\green236\blue237;\red104\green26\blue29;
\red27\green29\blue31;\red255\green255\blue255;}
{\*\expandedcolortbl;;\cssrgb\c18824\c20000\c21176;\cssrgb\c93725\c94118\c94510;\cssrgb\c49020\c15294\c15294;
\cssrgb\c14118\c15294\c16078;\cssrgb\c100000\c100000\c100000;}
\margl1440\margr1440\vieww10800\viewh8400\viewkind0
\deftab720
\pard\pardeftab720\sl300\partightenfactor0

\f0\fs26 \cf2 \cb3 \expnd0\expndtw0\kerning0
\'93ISBN\'94,\'94Price\'94\
\'93isbn1\'94,\cf4 90.90\cf2 \
\'93isbn2\'94,\cf4 40.10\cf2 \
\'93isbn3\'94,\cf4 40.20\cf2 \
\'93isbn4\'94,\cf4 20.50
\f1\fs30 \cf5 \cb6 \
}